add_author,2026-05-23T22:10:53
add_book,2026-05-23T22:10:53
add_reader,2026-05-23T22:10:53
list_books,2026-05-23T22:10:53
find_book_by_id,2026-05-23T22:10:53
update_book,2026-05-23T22:10:53
add_author,2026-05-23T22:13:42
add_book,2026-05-23T22:13:42
add_reader,2026-05-23T22:13:42
list_books,2026-05-23T22:13:42
find_book_by_id,2026-05-23T22:13:42
update_book,2026-05-23T22:13:42
borrow_book,2026-05-23T22:13:42
add_author,2026-05-23T22:14:47
add_book,2026-05-23T22:14:47
add_reader,2026-05-23T22:14:47
list_books,2026-05-23T22:14:47
find_book_by_id,2026-05-23T22:14:47
update_book,2026-05-23T22:14:47
borrow_book,2026-05-23T22:14:47
return_book,2026-05-23T22:14:47
report_active_loans,2026-05-23T22:14:47
add_author,2026-05-23T22:31:00
add_book,2026-05-23T22:31:00
add_reader,2026-05-23T22:31:00
list_books,2026-05-23T22:31:00
find_book_by_id,2026-05-23T22:31:00
update_book,2026-05-23T22:31:00
borrow_book,2026-05-23T22:31:00
return_book,2026-05-23T22:31:00
report_active_loans,2026-05-23T22:31:00
delete_reader,2026-05-23T22:31:00
